Workbook

Sheet Instruções
B2: MISSÃO DAS MADRINHAS — Planilha de Controle
B3: RhodeLovers · Dia do Amigo · missão vai até 22/07/2026
B6: COMO USAR ESTA PLANILHA
B7: 1. Rode o script criar_forms.gs (Google Apps Script). Ele imprime o LINK PRÉ-PREENCHIDO BASE do Form B.
B8: 2. Cole esse link base na aba «Gerador de Links» (célula amarela). Ele termina em =TESTE — não edite.
B9: 3. Digite o nome de cada madrinha na coluna «Nome da Madrinha». O link único e a mensagem de WhatsApp
B10: são gerados sozinhos. Copie a coluna «Mensagem pronta» e cole no WhatsApp da madrinha.
B11: 4. Conforme as convidadas preenchem o Form B, a aba «Placar / Apuração» conta sozinha por madrinha.
B13: DE ONDE VÊM AS RESPOSTAS
B14: • No Form B: aba Respostas → «Vincular a Planilhas». O Google cria uma planilha com as respostas.
B15: • Cole essas respostas na aba «Respostas Form B» desta planilha (ou refaça as fórmulas do Placar lá).
B16: • A coluna «Saiu do grupo?» é preenchida por você na apuração (Sim = saiu, deixa em branco = está dentro).
... B25: • Placar automático no Sheets: =COUNTIF('Respostas'!B:B; nome) — igual aqui, com ; no lugar de ,

Sheet Gerador de Links
A1: GERADOR DE LINKS ÚNICOS
A2: Um link por madrinha · o campo «Quem te convidou» do Form B é pré-preenchido com o nome dela
A4: Link pré-preenchido BASE (cole aqui — termina em =TESTE): | C4: https://creators.rhodejeans.com.br/madrinhas?madrinha=TESTE
A5: Link bonito (página própria que posta no Form B). Fallback Google fica no README.
A6: # | B6: Nome da Madrinha | C6: WhatsApp (com DDD) | D6: Link Único (gerado) | E6: Link Encurtado (opcional) | F6: Mensagem pronta pro WhatsApp
A7: =IF($B7="","",ROW()-6) | B7: Ana Souza | C7: (11) 90000-0001 | D7: =IF($B7="","",SUBSTITUTE($C$4,"TESTE",SUBSTITUTE(TRIM($B7)," ","%20"))) | F7: =IF($B7="","","Madrinha confirmada! 👑 Esse link é SÓ SEU — manda pras suas amigas: "&IF($E7<>"",$E7,$D7)&". Cada uma que entrar por ele conta pro seu placar. Missão vai até 22/07 💛")
A8: =IF($B8="","",ROW()-6) | B8: Bruna Lima | C8: (21) 90000-0002 | D8: =IF($B8="","",SUBSTITUTE($C$4,"TESTE",SUBSTITUTE(TRIM($B8)," ","%20"))) | F8: =IF($B8="","","Madrinha confirmada! 👑 Esse link é SÓ SEU — manda pras suas amigas: "&IF($E8<>"",$E8,$D8)&". Cada uma que entrar por ele conta pro seu placar. Missão vai até 22/07 💛")
A9: =IF($B9="","",ROW()-6) | B9: Carla Dias | C9: (31) 90000-0003 | D9: =IF($B9="","",SUBSTITUTE($C$4,"TESTE",SUBSTITUTE(TRIM($B9)," ","%20"))) | F9: =IF($B9="","","Madrinha confirmada! 👑 Esse link é SÓ SEU — manda pras suas amigas: "&IF($E9<>"",$E9,$D9)&". Cada uma que entrar por ele conta pro seu placar. Missão vai até 22/07 💛")
A10: =IF($B10="","",ROW()-6) | D10: =IF($B10="","",SUBSTITUTE($C$4,"TESTE",SUBSTITUTE(TRIM($B10)," ","%20"))) | F10: =IF($B10="","","Madrinha confirmada! 👑 Esse link é SÓ SEU — manda pras suas amigas: "&IF($E10<>"",$E10,$D10)&". Cada uma que entrar por ele conta pro seu placar. Missão vai até 22/07 💛")
A11: =IF($B11="","",ROW()-6) | D11: =IF($B11="","",SUBSTITUTE($C$4,"TESTE",SUBSTITUTE(TRIM($B11)," ","%20"))) | F11: =IF($B11="","","Madrinha confirmada! 👑 Esse link é SÓ SEU — manda pras suas amigas: "&IF($E11<>"",$E11,$D11)&". Cada uma que entrar por ele conta pro seu placar. Missão vai até 22/07 💛")
A12: =IF($B12="","",ROW()-6) | D12: =IF($B12="","",SUBSTITUTE($C$4,"TESTE",SUBSTITUTE(TRIM($B12)," ","%20"))) | F12: =IF($B12="","","Madrinha confirmada! 👑 Esse link é SÓ SEU — manda pras suas amigas: "&IF($E12<>"",$E12,$D12)&". Cada uma que entrar por ele conta pro seu placar. Missão vai até 22/07 💛")
A13: =IF($B13="","",ROW()-6) | D13: =IF($B13="","",SUBSTITUTE($C$4,"TESTE",SUBSTITUTE(TRIM($B13)," ","%20"))) | F13: =IF($B13="","","Madrinha confirmada! 👑 Esse link é SÓ SEU — manda pras suas amigas: "&IF($E13<>"",$E13,$D13)&". Cada uma que entrar por ele conta pro seu placar. Missão vai até 22/07 💛")
A14: =IF($B14="","",ROW()-6) | D14: =IF($B14="","",SUBSTITUTE($C$4,"TESTE",SUBSTITUTE(TRIM($B14)," ","%20"))) | F14: =IF($B14="","","Madrinha confirmada! 👑 Esse link é SÓ SEU — manda pras suas amigas: "&IF($E14<>"",$E14,$D14)&". Cada uma que entrar por ele conta pro seu placar. Missão vai até 22/07 💛")
A15: =IF($B15="","",ROW()-6) | D15: =IF($B15="","",SUBSTITUTE($C$4,"TESTE",SUBSTITUTE(TRIM($B15)," ","%20"))) | F15: =IF($B15="","","Madrinha confirmada! 👑 Esse link é SÓ SEU — manda pras suas amigas: "&IF($E15<>"",$E15,$D15)&". Cada uma que entrar por ele conta pro seu placar. Missão vai até 22/07 💛")
A16: =IF($B16="","",ROW()-6) | D16: =IF($B16="","",SUBSTITUTE($C$4,"TESTE",SUBSTITUTE(TRIM($B16)," ","%20"))) | F16: =IF($B16="","","Madrinha confirmada! 👑 Esse link é SÓ SEU — manda pras suas amigas: "&IF($E16<>"",$E16,$D16)&". Cada uma que entrar por ele conta pro seu placar. Missão vai até 22/07 💛")
A17: =IF($B17="","",ROW()-6) | D17: =IF($B17="","",SUBSTITUTE($C$4,"TESTE",SUBSTITUTE(TRIM($B17)," ","%20"))) | F17: =IF($B17="","","Madrinha confirmada! 👑 Esse link é SÓ SEU — manda pras suas amigas: "&IF($E17<>"",$E17,$D17)&". Cada uma que entrar por ele conta pro seu placar. Missão vai até 22/07 💛")
A18: =IF($B18="","",ROW()-6) | D18: =IF($B18="","",SUBSTITUTE($C$4,"TESTE",SUBSTITUTE(TRIM($B18)," ","%20"))) | F18: =IF($B18="","","Madrinha confirmada! 👑 Esse link é SÓ SEU — manda pras suas amigas: "&IF($E18<>"",$E18,$D18)&". Cada uma que entrar por ele conta pro seu placar. Missão vai até 22/07 💛")
A19: =IF($B19="","",ROW()-6) | D19: =IF($B19="","",SUBSTITUTE($C$4,"TESTE",SUBSTITUTE(TRIM($B19)," ","%20"))) | F19: =IF($B19="","","Madrinha confirmada! 👑 Esse link é SÓ SEU — manda pras suas amigas: "&IF($E19<>"",$E19,$D19)&". Cada uma que entrar por ele conta pro seu placar. Missão vai até 22/07 💛")
A20: =IF($B20="","",ROW()-6) | D20: =IF($B20="","",SUBSTITUTE($C$4,"TESTE",SUBSTITUTE(TRIM($B20)," ","%20"))) | F20: =IF($B20="","","Madrinha confirmada! 👑 Esse link é SÓ SEU — manda pras suas amigas: "&IF($E20<>"",$E20,$D20)&". Cada uma que entrar por ele conta pro seu placar. Missão vai até 22/07 💛")
A21: =IF($B21="","",ROW()-6) | D21: =IF($B21="","",SUBSTITUTE($C$4,"TESTE",SUBSTITUTE(TRIM($B21)," ","%20"))) | F21: =IF($B21="","","Madrinha confirmada! 👑 Esse link é SÓ SEU — manda pras suas amigas: "&IF($E21<>"",$E21,$D21)&". Cada uma que entrar por ele conta pro seu placar. Missão vai até 22/07 💛")
... A56: =IF($B56="","",ROW()-6) | D56: =IF($B56="","",SUBSTITUTE($C$4,"TESTE",SUBSTITUTE(TRIM($B56)," ","%20"))) | F56: =IF($B56="","","Madrinha confirmada! 👑 Esse link é SÓ SEU — manda pras suas amigas: "&IF($E56<>"",$E56,$D56)&". Cada uma que entrar por ele conta pro seu placar. Missão vai até 22/07 💛")
B58: ↑ apague os 3 exemplos (Ana/Bruna/Carla) antes de usar

Sheet Respostas Form B
A1: Carimbo de data/hora | B1: Quem te convidou | C1: Seu nome completo | D1: Seu WhatsApp (com DDD) | E1: Seu @ Instagram/TikTok | F1: Saiu do grupo? | H1: ← cole aqui as respostas do Form B (Vincular a Planilhas). Col F = você marca «Sim» se a convidada saiu do grupo.
A2: 17/07/2026 14:31:02 | B2: Ana Souza | C2: Marina P. | D2: (11) 98888-1111 | E2: @marina
A3: 17/07/2026 15:02:47 | B3: Ana Souza | C3: Júlia R. | D3: (11) 98888-2222 | E3: @juliar
A4: 18/07/2026 09:12:10 | B4: Ana Souza | C4: Paula T. | D4: (11) 98888-3333
A5: 17/07/2026 16:40:33 | B5: Bruna Lima | C5: Renata C. | D5: (21) 97777-4444 | E5: @renata
A6: 18/07/2026 10:05:21 | B6: Bruna Lima | C6: Sofia M. | D6: (21) 97777-5555 | F6: Sim
A7: 18/07/2026 11:22:09 | B7: Carla Dias | C7: Isa L. | D7: (31) 96666-6666 | E7: @isal

Sheet Placar e Apuração
A1: PLACAR / APURAÇÃO — 22/07
A2: Válida = registrou no Form B E está no grupo no dia 22 (não marcada «Sim» em «Saiu do grupo?»)
A4: VENCEDORA (mais válidas): | C4: =IFERROR(INDEX(B8:B57,MATCH(MAX(E8:E57),E8:E57,0)),"—") | E4: empate = sorteio
A7: Pos. | B7: Madrinha | C7: Convidadas registradas | D7: Saíram | E7: Convidadas válidas | F7: % do total
A8: =IF($B8="","",RANK($E8,$E$8:$E$57)) | B8: =IF('Gerador de Links'!B7="","",'Gerador de Links'!B7) | C8: =IF($B8="","",COUNTIF('Respostas Form B'!$B:$B,$B8)) | D8: =IF($B8="","",COUNTIFS('Respostas Form B'!$B:$B,$B8,'Respostas Form B'!$F:$F,"Sim")) | E8: =IF($B8="","",$C8-$D8) | F8: =IF($B8="","",IF(SUM($E$8:$E$57)=0,0,$E8/SUM($E$8:$E$57)))
A9: =IF($B9="","",RANK($E9,$E$8:$E$57)) | B9: =IF('Gerador de Links'!B8="","",'Gerador de Links'!B8) | C9: =IF($B9="","",COUNTIF('Respostas Form B'!$B:$B,$B9)) | D9: =IF($B9="","",COUNTIFS('Respostas Form B'!$B:$B,$B9,'Respostas Form B'!$F:$F,"Sim")) | E9: =IF($B9="","",$C9-$D9) | F9: =IF($B9="","",IF(SUM($E$8:$E$57)=0,0,$E9/SUM($E$8:$E$57)))
A10: =IF($B10="","",RANK($E10,$E$8:$E$57)) | B10: =IF('Gerador de Links'!B9="","",'Gerador de Links'!B9) | C10: =IF($B10="","",COUNTIF('Respostas Form B'!$B:$B,$B10)) | D10: =IF($B10="","",COUNTIFS('Respostas Form B'!$B:$B,$B10,'Respostas Form B'!$F:$F,"Sim")) | E10: =IF($B10="","",$C10-$D10) | F10: =IF($B10="","",IF(SUM($E$8:$E$57)=0,0,$E10/SUM($E$8:$E$57)))
A11: =IF($B11="","",RANK($E11,$E$8:$E$57)) | B11: =IF('Gerador de Links'!B10="","",'Gerador de Links'!B10) | C11: =IF($B11="","",COUNTIF('Respostas Form B'!$B:$B,$B11)) | D11: =IF($B11="","",COUNTIFS('Respostas Form B'!$B:$B,$B11,'Respostas Form B'!$F:$F,"Sim")) | E11: =IF($B11="","",$C11-$D11) | F11: =IF($B11="","",IF(SUM($E$8:$E$57)=0,0,$E11/SUM($E$8:$E$57)))
A12: =IF($B12="","",RANK($E12,$E$8:$E$57)) | B12: =IF('Gerador de Links'!B11="","",'Gerador de Links'!B11) | C12: =IF($B12="","",COUNTIF('Respostas Form B'!$B:$B,$B12)) | D12: =IF($B12="","",COUNTIFS('Respostas Form B'!$B:$B,$B12,'Respostas Form B'!$F:$F,"Sim")) | E12: =IF($B12="","",$C12-$D12) | F12: =IF($B12="","",IF(SUM($E$8:$E$57)=0,0,$E12/SUM($E$8:$E$57)))
A13: =IF($B13="","",RANK($E13,$E$8:$E$57)) | B13: =IF('Gerador de Links'!B12="","",'Gerador de Links'!B12) | C13: =IF($B13="","",COUNTIF('Respostas Form B'!$B:$B,$B13)) | D13: =IF($B13="","",COUNTIFS('Respostas Form B'!$B:$B,$B13,'Respostas Form B'!$F:$F,"Sim")) | E13: =IF($B13="","",$C13-$D13) | F13: =IF($B13="","",IF(SUM($E$8:$E$57)=0,0,$E13/SUM($E$8:$E$57)))
A14: =IF($B14="","",RANK($E14,$E$8:$E$57)) | B14: =IF('Gerador de Links'!B13="","",'Gerador de Links'!B13) | C14: =IF($B14="","",COUNTIF('Respostas Form B'!$B:$B,$B14)) | D14: =IF($B14="","",COUNTIFS('Respostas Form B'!$B:$B,$B14,'Respostas Form B'!$F:$F,"Sim")) | E14: =IF($B14="","",$C14-$D14) | F14: =IF($B14="","",IF(SUM($E$8:$E$57)=0,0,$E14/SUM($E$8:$E$57)))
A15: =IF($B15="","",RANK($E15,$E$8:$E$57)) | B15: =IF('Gerador de Links'!B14="","",'Gerador de Links'!B14) | C15: =IF($B15="","",COUNTIF('Respostas Form B'!$B:$B,$B15)) | D15: =IF($B15="","",COUNTIFS('Respostas Form B'!$B:$B,$B15,'Respostas Form B'!$F:$F,"Sim")) | E15: =IF($B15="","",$C15-$D15) | F15: =IF($B15="","",IF(SUM($E$8:$E$57)=0,0,$E15/SUM($E$8:$E$57)))
A16: =IF($B16="","",RANK($E16,$E$8:$E$57)) | B16: =IF('Gerador de Links'!B15="","",'Gerador de Links'!B15) | C16: =IF($B16="","",COUNTIF('Respostas Form B'!$B:$B,$B16)) | D16: =IF($B16="","",COUNTIFS('Respostas Form B'!$B:$B,$B16,'Respostas Form B'!$F:$F,"Sim")) | E16: =IF($B16="","",$C16-$D16) | F16: =IF($B16="","",IF(SUM($E$8:$E$57)=0,0,$E16/SUM($E$8:$E$57)))
A17: =IF($B17="","",RANK($E17,$E$8:$E$57)) | B17: =IF('Gerador de Links'!B16="","",'Gerador de Links'!B16) | C17: =IF($B17="","",COUNTIF('Respostas Form B'!$B:$B,$B17)) | D17: =IF($B17="","",COUNTIFS('Respostas Form B'!$B:$B,$B17,'Respostas Form B'!$F:$F,"Sim")) | E17: =IF($B17="","",$C17-$D17) | F17: =IF($B17="","",IF(SUM($E$8:$E$57)=0,0,$E17/SUM($E$8:$E$57)))
A18: =IF($B18="","",RANK($E18,$E$8:$E$57)) | B18: =IF('Gerador de Links'!B17="","",'Gerador de Links'!B17) | C18: =IF($B18="","",COUNTIF('Respostas Form B'!$B:$B,$B18)) | D18: =IF($B18="","",COUNTIFS('Respostas Form B'!$B:$B,$B18,'Respostas Form B'!$F:$F,"Sim")) | E18: =IF($B18="","",$C18-$D18) | F18: =IF($B18="","",IF(SUM($E$8:$E$57)=0,0,$E18/SUM($E$8:$E$57)))
A19: =IF($B19="","",RANK($E19,$E$8:$E$57)) | B19: =IF('Gerador de Links'!B18="","",'Gerador de Links'!B18) | C19: =IF($B19="","",COUNTIF('Respostas Form B'!$B:$B,$B19)) | D19: =IF($B19="","",COUNTIFS('Respostas Form B'!$B:$B,$B19,'Respostas Form B'!$F:$F,"Sim")) | E19: =IF($B19="","",$C19-$D19) | F19: =IF($B19="","",IF(SUM($E$8:$E$57)=0,0,$E19/SUM($E$8:$E$57)))
... A57: =IF($B57="","",RANK($E57,$E$8:$E$57)) | B57: =IF('Gerador de Links'!B56="","",'Gerador de Links'!B56) | C57: =IF($B57="","",COUNTIF('Respostas Form B'!$B:$B,$B57)) | D57: =IF($B57="","",COUNTIFS('Respostas Form B'!$B:$B,$B57,'Respostas Form B'!$F:$F,"Sim")) | E57: =IF($B57="","",$C57-$D57) | F57: =IF($B57="","",IF(SUM($E$8:$E$57)=0,0,$E57/SUM($E$8:$E$57)))
